<?xml version = '1.0' encoding = 'UTF-8'?>
<graphics>
   <diagram optimizeLayout="false" fixedWidthSwimlanes="true" roundedPartnerlinks="true" centerZoom="true" validateOnLoad="true" confirmBeforeDelete="true" selectedPartnerLinkColor="49,105,198" swimlaneBackground="240,240,240" swimlaneDividerBackground="218,218,218" graphBackground="255,255,255" selectedBorderBackground="49,105,198" connectedPartnerLinkColor="204,204,255" connectablePartnerLinkColor="0,0,255" unconnectedPartnerLinkColor="192,192,192"/>
   <annotationfile/>
   <iconize/>
   <partnerlink_locations>
      <partnerlink name="ProvideFusionFinancialServices_v1r0" x="0" y="518" side="left"/>
      <partnerlink name="dbFetchBankAccounts" x="1124" y="269" side="right"/>
      <partnerlink name="dbFetchExchangeRate" x="1124" y="326" side="right"/>
      <partnerlink name="dbFetchGCCBankDetails" x="1124" y="383" side="right"/>
   </partnerlink_locations>
   <graph_layout viewport="256,318,944,414" show_swimlanes="true">
      <layout_item collapsed="false" xpath="/process" type="process" showhandlers="true"/>
      <layout_item collapsed="false" xpath="/process/faultHandlers/catchAll" type="catchall"/>
      <layout_item collapsed="false" xpath="/process/faultHandlers/catchAll/sequence" type="sequence"/>
      <layout_item collapsed="false" xpath="/process/sequence" type="sequence"/>
      <layout_item collapsed="false" xpath="/process/sequence/pick" type="pick"/>
      <layout_item collapsed="false" xpath="/process/sequence/pick/onMessage[1]" type="onMessage"/>
      <layout_item collapsed="false" xpath="/process/sequence/pick/onMessage[1]/sequence" type="sequence"/>
      <layout_item collapsed="false" xpath="/process/sequence/pick/onMessage[2]" type="onMessage"/>
      <layout_item collapsed="false" xpath="/process/sequence/pick/onMessage[2]/sequence" type="sequence"/>
      <layout_item collapsed="false" xpath="/process/sequence/pick/onMessage[3]" type="onMessage"/>
      <layout_item collapsed="false" xpath="/process/sequence/pick/onMessage[3]/sequence" type="sequence"/>
   </graph_layout>
   <bookmarks/>
</graphics>
