<?xml version="1.0" encoding="UTF-8"?>
<SOAConfigPlan xmlns:jca="http://platform.integration.oracle/blocks/adapter/fw/metadata" xmlns:wsp="http://schemas.xmlsoap.org/ws/2004/09/policy" xmlns:orawsp="http://schemas.oracle.com/ws/2006/01/policy" xmlns:edl="http://schemas.oracle.com/events/edl" xmlns="http://schemas.oracle.com/soa/configplan">
   <composite name="UnfreezeEmployeebankAccount">
      <!--Add search and replace rules for the import section of a composite
	Example:
	<searchReplace>
		<search>http://my-dev-server</search>
		<replace>http://my-test-server</replace>
	<searchReplace>
	<searchReplace>
		<search>8888</search>
		<replace>8889</replace>
	<searchReplace>-->
      <import>
         <searchReplace>
            <search/>
            <replace/>
         </searchReplace>
      </import>
      <service name="UnfreezeEmployeeBankAccount_v1r0">
         <binding type="ws">
            <attribute name="port">
               <replace>http://xmlns.gosi.gov.sa/UnfreezeEmployeeBankAccount#wsdl.endpoint(UnfreezeEmployeeBankAccount_v1r0/UnfreezeEmployeeBankAccount_pt)</replace>
            </attribute>
         </binding>
      </service>
      <property name="productVersion">
         <replace>12.2.1.0.0.151013</replace>
      </property>
      <property name="compositeID">
         <replace>39882ac4-22a4-43bb-925d-9188746b5050</replace>
      </property>
      <!--Add search and replace rules for the component properties
	For components and service/reference bindings, you can add policy references.
	Example:
	<component name="*">
		<wsp:PolicyReference orawsp:category="management" orawsp:status="enabled" URI="oracle/log_policy"/>
	</component>-->
      <component name="UnfreezeEmployeeBankAccount">
         <property name="bpel.config.oneWayDeliveryPolicy">
            <replace>async.persist</replace>
         </property>
      </component>
      <!--Add search and replace rules for the reference properties
	Example:
	<searchReplace>
		<search>http://my-dev-server</search>
		<replace>http://my-test-server</replace>
	<searchReplace>
	<searchReplace>
		<search>8888
		<replace>8889</replace>
	<searchReplace>
	or provide a new replace value like:
	<replace>http://my-new-server:8889/myservice</replace>-->
      <reference name="CallUnfreezeProc">
         <property name="jca.retry.count">
            <replace>4</replace>
         </property>
         <property name="jca.retry.interval">
            <replace>1</replace>
         </property>
         <property name="jca.retry.backoff">
            <replace>2</replace>
         </property>
         <property name="jca.retry.maxInterval">
            <replace>120</replace>
         </property>
         <binding type="jca"/>
      </reference>
      <reference name="CallImportHCMDataService">
         <binding type="ws">
            <attribute name="port">
               <replace>http://xmlns.gosi.gov.sa/ImportHCMDataService#wsdl.endpoint(importhcmdataservice_client_ep/GenericHCMDataLoadService_pt)</replace>
            </attribute>
            <attribute name="location">
               <replace>http://10.4.192.197:7003/soa-infra/services/TMAM/ImportHCMDataService/importhcmdataservice_client_ep?WSDL</replace>
            </attribute>
         </binding>
         <callback>
            <binding type="ws">
               <attribute name="port">
                  <replace>http://xmlns.gosi.gov.sa/ImportHCMDataService#wsdl.endpoint(importhcmdataservice_client_ep/GenericHCMDataLoadServiceCallback_pt)</replace>
               </attribute>
               <attribute name="location">
                  <replace>http://10.4.192.197:7003/soa-infra/services/TMAM/ImportHCMDataService/importhcmdataservice_client_ep?WSDL</replace>
               </attribute>
            </binding>
         </callback>
      </reference>
      <reference name="UpdateDataSetStatus">
         <property name="jca.retry.count">
            <replace>4</replace>
         </property>
         <property name="jca.retry.interval">
            <replace>1</replace>
         </property>
         <property name="jca.retry.backoff">
            <replace>2</replace>
         </property>
         <property name="jca.retry.maxInterval">
            <replace>120</replace>
         </property>
         <binding type="jca"/>
      </reference>
   </composite>
   <!--To configure monitor.config: 
	<property name="enabled"><replace>true</replace></property>
	<property name="dataObjectsFolder"><searchReplace><search>mydev</search><replace>myproduction</replace></searchReplace></property>
	
	sample properties to configure for adapter: 
	<jca:property name="QueueName"><replace>medmq1</replace></jca:property>
	
	To add search and replace rules for wsdls, xsd and jca files
	Example:
	<searchReplace>
		<search>http://my-dev-server</search>
		<replace>http://my-test-server</replace>
	<searchReplace>
	<searchReplace>
		<search>8888</search>
		<replace>8889</replace>
	<searchReplace>
	-->
   <wsdlAndSchema name="Adapters/CallUnfreezeProc_db.jca|Adapters/UpdateDataSetStatus_db.jca|Schemas/CallUnfreezeProc_sp.xsd|Schemas/UnfreezeEmployeeBankAccount.xsd|Schemas/UpdateDataSetStatus.xsd|WSDLs/CallUnfreezeProc.wsdl|WSDLs/UnfreezeEmployeeBankAccount.wsdl|WSDLs/UpdateDataSetStatus.wsdl">
      <searchReplace>
         <search/>
         <replace/>
      </searchReplace>
   </wsdlAndSchema>
</SOAConfigPlan>
