<?xml version="1.0" encoding="UTF-8"?>
<SOAConfigPlan xmlns:jca="http://platform.integration.oracle/blocks/adapter/fw/metadata"
               xmlns:wsp="http://schemas.xmlsoap.org/ws/2004/09/policy"
               xmlns:orawsp="http://schemas.oracle.com/ws/2006/01/policy"
               xmlns:edl="http://schemas.oracle.com/events/edl" xmlns="http://schemas.oracle.com/soa/configplan">
  <composite name="UpdateB2BTransferReturnStatus">
    <!--Add search and replace rules for the import section of a composite
	Example:
	<searchReplace>
		<search>http://my-dev-server</search>
		<replace>http://my-test-server</replace>
	<searchReplace>
	<searchReplace>
		<search>8888</search>
		<replace>8889</replace>
	<searchReplace>-->
    <import>
      <searchReplace>
        <search/>
        <replace/>
      </searchReplace>
    </import>
    <service name="UpdateB2BTransferReturnStatus_v1r0">
      <!--Add search and replace rules for the binding properties-->
      <binding type="ws">
        <attribute name="port">
          <replace>http://xmlns.oracle.com/GOSI_SOA_INT/UpdateB2BTransferReturnStatus/UpdateB2BTransferReturnStatus#wsdl.endpoint(UpdateB2BTransferReturnStatus_v1r0_ep/UpdateB2BTransferReturnStatus_pt)</replace>
        </attribute>
        <property name="weblogic.wsee.wsat.transaction.flowOption">
          <replace>NEVER</replace>
        </property>
      </binding>
    </service>
    <property name="productVersion">
      <replace>12.2.1.0.0.151013</replace>
    </property>
    <property name="compositeID">
      <replace>14ec614f-1162-4997-b39b-f164c6974ec4</replace>
    </property>
    <!--Add search and replace rules for the component properties
	For components and service/reference bindings, you can add policy references.
	Example:
	<component name="*">
		<wsp:PolicyReference orawsp:category="management" orawsp:status="enabled" URI="oracle/log_policy"/>
	</component>-->
    <component name="UpdateB2BTransferReturnStatus">
      <property name="bpel.config.transaction">
        <replace>required</replace>
      </property>
    </component>
    <!--Add search and replace rules for the reference properties
	Example:
	<searchReplace>
		<search>http://my-dev-server</search>
		<replace>http://my-test-server</replace>
	<searchReplace>
	<searchReplace>
		<search>8888
		<replace>8889</replace>
	<searchReplace>
	or provide a new replace value like:
	<replace>http://my-new-server:8889/myservice</replace>-->
    <reference name="dbFetchReturnTransactions">
      <property name="jca.retry.count">
        <replace>4</replace>
      </property>
      <property name="jca.retry.interval">
        <replace>1</replace>
      </property>
      <property name="jca.retry.backoff">
        <replace>2</replace>
      </property>
      <property name="jca.retry.maxInterval">
        <replace>120</replace>
      </property>
      <binding type="jca"/>
    </reference>
    <reference name="SimisB2BStatusRestReference">
      <binding type="rest">
        <attribute name="location">
          <replace>http://osbdev.gosi.ins:5558</replace>
        </attribute>
      </binding>
    </reference>
    <reference name="UpdatePayrollPaymentStatus">
      <property name="jca.retry.count">
        <replace>4</replace>
      </property>
      <property name="jca.retry.interval">
        <replace>1</replace>
      </property>
      <property name="jca.retry.backoff">
        <replace>2</replace>
      </property>
      <property name="jca.retry.maxInterval">
        <replace>120</replace>
      </property>
      <binding type="jca"/>
    </reference>
    <reference name="UpdateOnlinePaymentStatus">
      <property name="jca.retry.count">
        <replace>4</replace>
      </property>
      <property name="jca.retry.interval">
        <replace>1</replace>
      </property>
      <property name="jca.retry.backoff">
        <replace>2</replace>
      </property>
      <property name="jca.retry.maxInterval">
        <replace>120</replace>
      </property>
      <binding type="jca"/>
    </reference>
    <reference name="SendMailNotification">
      <!--Add search and replace rules for the binding properties-->
      <binding type="ws">
        <attribute name="port">
          <replace>http://xmlns.oracle.com/GOSI_SOA_SIT/SendMailNotification/SendMailNotification#wsdl.endpoint(SendMailNotification_v1r0_ep/SendMailNotification_pt)</replace>
        </attribute>
        <attribute name="location">
          <replace>http://otdtmvip01.gosi.ins:7003/soa-infra/services/TMAM/SendMailNotification/SendMailNotification_v1r0_ep?WSDL</replace>
        </attribute>
        <property name="weblogic.wsee.wsat.transaction.flowOption">
          <replace>WSDLDriven</replace>
        </property>
      </binding>
      <callback>
        <!--Add search and replace rules for the binding properties-->
        <binding type="ws">
          <attribute name="port">
            <replace>http://xmlns.oracle.com/GOSI_SOA_SIT/SendMailNotification/SendMailNotification#wsdl.endpoint(SendMailNotification_v1r0_ep/SendMailNotificationCallback_pt)</replace>
          </attribute>
          <attribute name="location">
            <replace>http://otdtmvip01.gosi.ins:7003/soa-infra/services/TMAM/SendMailNotification/SendMailNotification_v1r0_ep?WSDL</replace>
          </attribute>
          <property name="weblogic.wsee.wsat.transaction.flowOption">
            <replace>WSDLDriven</replace>
          </property>
        </binding>
      </callback>
    </reference>
    <reference name="ExternalTransactionService">
      <!--Add search and replace rules for the binding properties-->
      <binding type="ws">
        <attribute name="port">
          <replace>http://xmlns.oracle.com/apps/financials/cashManagement/cashTransactions/service/#wsdl.endpoint(ExternalTransactionServiceService/ExternalTransactionServiceServiceSoapHttpPort)</replace>
        </attribute>
        <attribute name="location">
          <replace>http://fin-internal.gosi.gov.sa:10603/finCeCashTransactionsService/ExternalTransactionServiceService?wsdl</replace>
        </attribute>
        <property name="weblogic.wsee.wsat.transaction.flowOption">
          <replace>WSDLDriven</replace>
        </property>
      </binding>
      <callback>
        <binding type="ws">
          <attribute name="port">
            <replace>http://xmlns.oracle.com/apps/financials/cashManagement/cashTransactions/service/#wsdl.endpoint(ExternalTransactionServiceService/ExternalTransactionServiceServiceResponse_pt)</replace>
          </attribute>
          <attribute name="location">
            <replace>http://fin-internal.gosi.gov.sa:10603/finCeCashTransactionsService/ExternalTransactionServiceService?wsdl</replace>
          </attribute>
        </binding>
      </callback>
    </reference>
  </composite>
  <!--To configure monitor.config: 
	<property name="enabled"><replace>true</replace></property>
	<property name="dataObjectsFolder"><searchReplace><search>mydev</search><replace>myproduction</replace></searchReplace></property>
	
	sample properties to configure for adapter: 
	<jca:property name="QueueName"><replace>medmq1</replace></jca:property>
	
	To add search and replace rules for wsdls, xsd and jca files
	Example:
	<searchReplace>
		<search>http://my-dev-server</search>
		<replace>http://my-test-server</replace>
	<searchReplace>
	<searchReplace>
		<search>8888</search>
		<replace>8889</replace>
	<searchReplace>
	-->
  <wsdlAndSchema name="Adapters/dbFetchReturnTransactions_db.jca|Adapters/UpdateOnlinePaymentStatus_db.jca|Adapters/UpdatePayrollPaymentStatus_db.jca|Schemas/B2BReturnStatus.xsd|Schemas/B2BReturnTxnNotification.xsd|Schemas/dbFetchReturnTransactions.xsd|Schemas/UpdateOnlinePaymentStatus.xsd|Schemas/UpdatePayrollPaymentStatus.xsd|WSDLs/dbFetchReturnTransactions.wsdl|WSDLs/UpdateB2BTransferReturnStatus.wsdl|WSDLs/UpdateOnlinePaymentStatus.wsdl|WSDLs/UpdatePayrollPaymentStatus.wsdl|wsm-assembly.xml">
    <searchReplace>
      <search/>
      <replace/>
    </searchReplace>
  </wsdlAndSchema>
</SOAConfigPlan>
