<?xml version = '1.0' encoding = 'UTF-8'?>
<Faults>
   <Fault>
      <severity>warning</severity>
      <loc>/*[namespace-uri()='http://docs.oasis-open.org/wsbpel/2.0/process/executable'][local-name()='process']</loc>
      <line>26</line>
      <col/>
      <file>BPEL/ProvideFusionFinancialServices.bpel</file>
      <name>BPEL/ProvideFusionFinancialServices.bpel</name>
      <fix>Fix the process to be *either* durable or synchronous.</fix>
      <msg>Process "ProvideFusionFinancialServices" is both durable (onMessage,Receive,Wait) and synchronous.</msg>
   </Fault>
</Faults>
