<?xml version="1.0" encoding="UTF-8"?>
<dgm:gDiagram xmlns:dgm="http://xmlns.oracle.com/sca/soadgm">
    <dgm:gService name="ProvideFusionFinancialServices_v1r0">
        <dgm:body borderWidth="2" arcRad="20" X="21" Y="145" width="137" height="108">
            <dgm:borderColor r="153" g="153" b="153"/>
            <dgm:bgColor r="255" g="255" b="255"/>
        </dgm:body>
        <dgm:shadow arcRad="20" X="11" Y="138" width="156" height="122">
            <dgm:bgColor r="196" g="228" b="240"/>
        </dgm:shadow>
        <dgm:outputPort name="ProvideFusionFinancialServices_v1r0" X="127" Y="0" diameter="20" imageURI="oracle/tip/tools/ide/fabric/resource/image/visuals_rd1/servicereference.png" interface="urn:ProvideFusionFinancialServices#wsdl.interface(ProvideFusionFinancialServicesService)"/>
        <dgm:nodeIcon URI="/oracle/tip/tools/ide/adapters/designtime/adapter/images/soap_service_20x20.png" X="20" Y="4" width="20" height="20"/>
        <dgm:operations>
            <dgm:item>getLocationwiseBankAccounts</dgm:item>
            <dgm:item>getExchangeRate</dgm:item>
            <dgm:item>getGCCBankDetails</dgm:item>
        </dgm:operations>
    </dgm:gService>
    <dgm:gReference name="dbFetchBankAccounts">
        <dgm:body borderWidth="2" arcRad="20" X="612" Y="26" width="136" height="84">
            <dgm:borderColor r="153" g="153" b="153"/>
            <dgm:bgColor r="255" g="255" b="255"/>
        </dgm:body>
        <dgm:shadow arcRad="20" X="602" Y="19" width="156" height="98">
            <dgm:bgColor r="196" g="228" b="240"/>
        </dgm:shadow>
        <dgm:inputPort name="dbFetchBankAccounts" X="-10" Y="0" diameter="20" imageURI="oracle/tip/tools/ide/fabric/resource/image/visuals_rd1/servicereference.png" interface="http://xmlns.oracle.com/pcbpel/adapter/db/GOSI_SOA_INT/ProvideFusionFinancialServices/dbFetchBankAccounts#wsdl.interface(dbFetchBankAccounts_ptt)"/>
        <dgm:nodeIcon URI="/oracle/tip/tools/ide/adapters/designtime/adapter/images/db_adapter_20x20.png" X="27" Y="4" width="20" height="20"/>
        <dgm:operations>
            <dgm:item>dbFetchBankAccounts</dgm:item>
        </dgm:operations>
    </dgm:gReference>
    <dgm:gReference name="dbFetchExchangeRate">
        <dgm:body borderWidth="2" arcRad="20" X="612" Y="262" width="136" height="84">
            <dgm:borderColor r="153" g="153" b="153"/>
            <dgm:bgColor r="255" g="255" b="255"/>
        </dgm:body>
        <dgm:shadow arcRad="20" X="602" Y="255" width="156" height="98">
            <dgm:bgColor r="196" g="228" b="240"/>
        </dgm:shadow>
        <dgm:inputPort name="dbFetchExchangeRate" X="-10" Y="0" diameter="20" imageURI="oracle/tip/tools/ide/fabric/resource/image/visuals_rd1/servicereference.png" interface="http://xmlns.oracle.com/pcbpel/adapter/db/GOSI_SOA_INT/ProvideFusionFinancialServices/dbFetchExchangeRate#wsdl.interface(dbFetchExchangeRate_ptt)"/>
        <dgm:nodeIcon URI="/oracle/tip/tools/ide/adapters/designtime/adapter/images/db_adapter_20x20.png" X="27" Y="4" width="20" height="20"/>
        <dgm:operations>
            <dgm:item>dbFetchExchangeRate</dgm:item>
        </dgm:operations>
    </dgm:gReference>
    <dgm:gReference name="dbFetchGCCBankDetails">
        <dgm:body borderWidth="2" arcRad="20" X="612" Y="144" width="136" height="84">
            <dgm:borderColor r="153" g="153" b="153"/>
            <dgm:bgColor r="255" g="255" b="255"/>
        </dgm:body>
        <dgm:shadow arcRad="20" X="602" Y="137" width="156" height="98">
            <dgm:bgColor r="196" g="228" b="240"/>
        </dgm:shadow>
        <dgm:inputPort name="dbFetchGCCBankDetails" X="-10" Y="0" diameter="20" imageURI="oracle/tip/tools/ide/fabric/resource/image/visuals_rd1/servicereference.png" interface="http://xmlns.oracle.com/pcbpel/adapter/db/CashManagementApplication/ProvideFusionFinancialServices/dbFetchGCCBankDetails#wsdl.interface(dbFetchGCCBankDetails_ptt)"/>
        <dgm:nodeIcon URI="/oracle/tip/tools/ide/adapters/designtime/adapter/images/db_adapter_20x20.png" X="27" Y="4" width="20" height="20"/>
        <dgm:operations>
            <dgm:item>dbFetchGCCBankDetails</dgm:item>
        </dgm:operations>
    </dgm:gReference>
    <dgm:gComponent name="ProvideFusionFinancialServices">
        <dgm:body borderWidth="2" arcRad="20" X="320" Y="130" width="130" height="111">
            <dgm:borderColor r="69" g="113" b="140"/>
            <dgm:lightBgColor r="166" g="208" b="230"/>
            <dgm:darkBgColor r="99" g="162" b="201"/>
        </dgm:body>
        <dgm:shadow arcRad="20" X="310" Y="123" width="150" height="127">
            <dgm:bgColor r="196" g="228" b="240"/>
        </dgm:shadow>
        <dgm:inputPort name="ProvideFusionFinancialServices_v1r0" X="-10" Y="15" diameter="20" imageURI="oracle/tip/tools/ide/fabric/resource/image/visuals_rd1/servicereference.png" interface="urn:ProvideFusionFinancialServices#wsdl.interface(ProvideFusionFinancialServicesService)"/>
        <dgm:outputPort name="dbFetchBankAccounts" X="120" Y="15" diameter="20" imageURI="oracle/tip/tools/ide/fabric/resource/image/visuals_rd1/servicereference.png" interface="http://xmlns.oracle.com/pcbpel/adapter/db/GOSI_SOA_INT/ProvideFusionFinancialServices/dbFetchBankAccounts#wsdl.interface(dbFetchBankAccounts_ptt)"/>
        <dgm:outputPort name="dbFetchGCCBankDetails" X="120" Y="40" diameter="20" imageURI="oracle/tip/tools/ide/fabric/resource/image/visuals_rd1/servicereference.png" interface="http://xmlns.oracle.com/pcbpel/adapter/db/CashManagementApplication/ProvideFusionFinancialServices/dbFetchGCCBankDetails#wsdl.interface(dbFetchGCCBankDetails_ptt)"/>
        <dgm:outputPort name="dbFetchExchangeRate" X="120" Y="65" diameter="20" imageURI="oracle/tip/tools/ide/fabric/resource/image/visuals_rd1/servicereference.png" interface="http://xmlns.oracle.com/pcbpel/adapter/db/GOSI_SOA_INT/ProvideFusionFinancialServices/dbFetchExchangeRate#wsdl.interface(dbFetchExchangeRate_ptt)"/>
        <dgm:nodeIcon URI="/oracle/tip/tools/ide/bpel/shared/plugins/resources/images/soa/process_20x20.png" X="10" Y="4" width="20" height="20"/>
    </dgm:gComponent>
    <dgm:gWireLink source="ProvideFusionFinancialServices_v1r0" target="ProvideFusionFinancialServices/ProvideFusionFinancialServices_v1r0" width="2">
        <dgm:gSegment X1="168" Y1="155" X2="310" Y2="155"/>
        <dgm:baseColor r="153" g="153" b="153"/>
        <dgm:selectedColor r="49" g="106" b="196"/>
    </dgm:gWireLink>
    <dgm:gWireLink source="ProvideFusionFinancialServices/dbFetchBankAccounts" target="dbFetchBankAccounts" width="2">
        <dgm:gSegment X1="460" Y1="155" X2="484" Y2="155"/>
        <dgm:gSegment X1="484" Y1="155" X2="484" Y2="36"/>
        <dgm:gSegment X1="484" Y1="36" X2="602" Y2="36"/>
        <dgm:baseColor r="153" g="153" b="153"/>
        <dgm:selectedColor r="49" g="106" b="196"/>
    </dgm:gWireLink>
    <dgm:gWireLink source="ProvideFusionFinancialServices/dbFetchGCCBankDetails" target="dbFetchGCCBankDetails" width="2">
        <dgm:gSegment X1="460" Y1="180" X2="499" Y2="180"/>
        <dgm:gSegment X1="499" Y1="180" X2="499" Y2="154"/>
        <dgm:gSegment X1="499" Y1="154" X2="602" Y2="154"/>
        <dgm:baseColor r="153" g="153" b="153"/>
        <dgm:selectedColor r="49" g="106" b="196"/>
    </dgm:gWireLink>
    <dgm:gWireLink source="ProvideFusionFinancialServices/dbFetchExchangeRate" target="dbFetchExchangeRate" width="2">
        <dgm:gSegment X1="460" Y1="205" X2="484" Y2="205"/>
        <dgm:gSegment X1="484" Y1="205" X2="484" Y2="272"/>
        <dgm:gSegment X1="484" Y1="272" X2="602" Y2="272"/>
        <dgm:baseColor r="153" g="153" b="153"/>
        <dgm:selectedColor r="49" g="106" b="196"/>
    </dgm:gWireLink>
</dgm:gDiagram>