<?xml version="1.0" encoding="UTF-8" standalone="no"?>
<oneoff_actions>
    <oracle.soa.workflow.wc opt_req="O" symbol="oracle.soa.workflow.wc.symbol" version="12.2.1.3.0">
        <jar class_name="soa/modules/oracle.soa.fabric_11.1.1/fabric-runtime.jar/oracle/integration/platform/blocks/rest/bc/service/resource/PATCH.class" name="fabric-runtime.jar" path="%ORACLE_HOME%/%SYMBOL%/soa/modules/oracle.soa.fabric_11.1.1" shaolue="3446FF8E5A21711B07DFB9CB8C87777AFD68D126"/>
        <jar class_name="soa/modules/oracle.soa.fabric_11.1.1/fabric-runtime.jar/oracle/integration/platform/blocks/rest/bc/service/resource/builder/JaxRSResourceBuilder.class" name="fabric-runtime.jar" path="%ORACLE_HOME%/%SYMBOL%/soa/modules/oracle.soa.fabric_11.1.1" shaolue="55AA88AF6D8B0A9E238CA9393502B556098E7331"/>
    </oracle.soa.workflow.wc>
    <oracle.soa.all.client opt_req="O" symbol="oracle.soa.all.client.symbol" version="12.2.1.3.0">
        <jar class_name="soa/modules/oracle.soa.fabric_11.1.1/fabric-runtime.jar/oracle/integration/platform/blocks/rest/bc/service/resource/PATCH.class" name="fabric-runtime.jar" path="%ORACLE_HOME%/%SYMBOL%/soa/modules/oracle.soa.fabric_11.1.1" shaolue="3446FF8E5A21711B07DFB9CB8C87777AFD68D126"/>
        <jar class_name="soa/modules/oracle.soa.fabric_11.1.1/fabric-runtime.jar/oracle/integration/platform/blocks/rest/bc/service/resource/builder/JaxRSResourceBuilder.class" name="fabric-runtime.jar" path="%ORACLE_HOME%/%SYMBOL%/soa/modules/oracle.soa.fabric_11.1.1" shaolue="55AA88AF6D8B0A9E238CA9393502B556098E7331"/>
    </oracle.soa.all.client>
    <oracle.integration.soainfra opt_req="O" symbol="oracle.integration.soainfra.symbol" version="12.2.1.3.0">
        <jar class_name="soa/applications/soa-webapps-wls.ear/soaComposer.war/WEB-INF/lib/fabric-runtime.jar/oracle/integration/platform/blocks/rest/bc/service/resource/PATCH.class" name="soa-webapps-wls.ear:soaComposer.war:fabric-runtime.jar" path="%ORACLE_HOME%/%SYMBOL%/soa/applications" shaolue="3446FF8E5A21711B07DFB9CB8C87777AFD68D126"/>
        <jar class_name="soa/applications/soa-webapps-wls.ear/soaComposer.war/WEB-INF/lib/fabric-runtime.jar/oracle/integration/platform/blocks/rest/bc/service/resource/builder/JaxRSResourceBuilder.class" name="soa-webapps-wls.ear:soaComposer.war:fabric-runtime.jar" path="%ORACLE_HOME%/%SYMBOL%/soa/applications" shaolue="55AA88AF6D8B0A9E238CA9393502B556098E7331"/>
    </oracle.integration.soainfra>
    <oracle.oep opt_req="O" symbol="oracle.oep.symbol" version="12.2.1.3.0">
        <jar class_name="modules/com.oracle.cep.adapters.edn.jar/fabric-runtime-1.0.jar/oracle/integration/platform/blocks/rest/bc/service/resource/PATCH.class" name="com.oracle.cep.adapters.edn.jar:fabric-runtime-1.0.jar" path="%ORACLE_HOME%/%SYMBOL%/modules" shaolue="3446FF8E5A21711B07DFB9CB8C87777AFD68D126"/>
        <jar class_name="modules/com.oracle.cep.adapters.edn.jar/fabric-runtime-1.0.jar/oracle/integration/platform/blocks/rest/bc/service/resource/builder/JaxRSResourceBuilder.class" name="com.oracle.cep.adapters.edn.jar:fabric-runtime-1.0.jar" path="%ORACLE_HOME%/%SYMBOL%/modules" shaolue="55AA88AF6D8B0A9E238CA9393502B556098E7331"/>
    </oracle.oep>
</oneoff_actions>
