<?xml version="1.0" encoding="UTF-8" standalone="no"?>
<oneoff_inventory>
    <opack_version version="14.1.0.1.7"/>
    <patch_description>One-off</patch_description>
    <patch_id number="23333915"/>
    <minimum_opatch_version>13.9.2.0.0</minimum_opatch_version>
    <unique_patch_id>23126214</unique_patch_id>
    <cannot_autorollback>false</cannot_autorollback>
    <date_of_patch day="20" month="Sep" time="08:46:16 hrs" year="2019" zone="PST8PDT"/>
    <base_bugs>
        <bug description="Having PATCH as one of Option for REST Adapter" number="23333915"/>
    </base_bugs>
    <required_components>
        <component internal_name="oracle.soa.workflow.wc" opt_req="O" version="12.2.1.3.0"/>
        <component internal_name="oracle.soa.all.client" opt_req="O" version="12.2.1.3.0"/>
        <component internal_name="oracle.integration.soainfra" opt_req="O" version="12.2.1.3.0"/>
        <component internal_name="oracle.oep" opt_req="O" version="12.2.1.3.0"/>
    </required_components>
    <os_platforms>
        <platform id="0" name="Generic Platform 1"/>
    </os_platforms>
    <executables/>
    <instance_shutdown>true</instance_shutdown>
    <instance_shutdown_message/>
    <online_rac_installable>false</online_rac_installable>
    <run_as_root>false</run_as_root>
    <sql_migrate>false</sql_migrate>
    <wls_prereq_oneoffs/>
    <prereq_oneoffs/>
    <overlay_oneoffs/>
    <patch_type sub_type="update" value="singleton"/>
    <patch_language value="en"/>
    <product_family value="fmw"/>
    <patching_model value="one-off"/>
    <auto>false</auto>
    <translatable>false</translatable>
</oneoff_inventory>
