<?xml version="1.0" encoding="UTF-8" standalone="no"?>
<oneoff_actions>
    <oracle.soacommon.plugins opt_req="O" symbol="oracle.soacommon.plugins.symbol" version="12.2.1.3.0">
        <jar class_name="plugins/jdeveloper/extensions/oracle.sca.ui.adapters.jar/oracle/tip/tools/ide/adapters/designtime/rest/RestOperationBindingPanel$1.class" name="oracle.sca.ui.adapters.jar" path="%ORACLE_HOME%/%SYMBOL%/plugins/jdeveloper/extensions" shaolue="A70F7F44B9C038CAC5CEE83D4941834D43348C8F"/>
        <jar class_name="plugins/jdeveloper/extensions/oracle.sca.ui.adapters.jar/oracle/tip/tools/ide/adapters/designtime/rest/RestOperationBindingPanel$2.class" name="oracle.sca.ui.adapters.jar" path="%ORACLE_HOME%/%SYMBOL%/plugins/jdeveloper/extensions" shaolue="21D5E932960DAC4D58E3C98B436346E7CE0F527A"/>
        <jar class_name="plugins/jdeveloper/extensions/oracle.sca.ui.adapters.jar/oracle/tip/tools/ide/adapters/designtime/rest/RestOperationBindingPanel$3.class" name="oracle.sca.ui.adapters.jar" path="%ORACLE_HOME%/%SYMBOL%/plugins/jdeveloper/extensions" shaolue="B2458EC7F196E64C8FC42FE1BDA37D679A6034E2"/>
        <jar class_name="plugins/jdeveloper/extensions/oracle.sca.ui.adapters.jar/oracle/tip/tools/ide/adapters/designtime/rest/RestOperationBindingPanel$4.class" name="oracle.sca.ui.adapters.jar" path="%ORACLE_HOME%/%SYMBOL%/plugins/jdeveloper/extensions" shaolue="1FD1FE316C0CBB426AD1CBC64B17FEF5254B5B11"/>
        <jar class_name="plugins/jdeveloper/extensions/oracle.sca.ui.adapters.jar/oracle/tip/tools/ide/adapters/designtime/rest/RestOperationBindingPanel$ComboBoxEditor.class" name="oracle.sca.ui.adapters.jar" path="%ORACLE_HOME%/%SYMBOL%/plugins/jdeveloper/extensions" shaolue="8FF469D00C3670F5B7461A2F3F081529BE46D8CE"/>
        <jar class_name="plugins/jdeveloper/extensions/oracle.sca.ui.adapters.jar/oracle/tip/tools/ide/adapters/designtime/rest/RestOperationBindingPanel.class" name="oracle.sca.ui.adapters.jar" path="%ORACLE_HOME%/%SYMBOL%/plugins/jdeveloper/extensions" shaolue="4EB21518FCC4DA8C6E15A59FF2D3B5C84CEAFB8C"/>
    </oracle.soacommon.plugins>
</oneoff_actions>
