<?xml version="1.0" encoding="UTF-8" standalone="yes"?>
<patch-deploy xmlns="http://xmlns.oracle.com/cie/patch/pdy">
    <instance-shutdown>Y</instance-shutdown>
    <backport-readme-preinstalls>
        <backport-readme-preinstall>None</backport-readme-preinstall>
    </backport-readme-preinstalls>
    <backport-readme-postinstalls>
        <backport-readme-postinstall>None</backport-readme-postinstall>
    </backport-readme-postinstalls>
    <backport-patch-notes>
        <backport-patch-note>None</backport-patch-note>
    </backport-patch-notes>
    <patch-uptime-option>FMW_ROLLING_ORACLE_HOME</patch-uptime-option>
    <patch-upi>23141531</patch-upi>
    <patch-id>30314169</patch-id>
    <patch-configuration/>
</patch-deploy>
