<?xml version='1.0' encoding='UTF-8'?>
<!--Generated by Oracle SOA Modeler version 12.2.1.0.0.151013 at [1/22/18 3:21 PM].-->
<composite name="ProvideFusionFinancialServices" revision="1.0" label="2017-08-12_08-06-53_509" mode="active" state="on" xmlns="http://xmlns.oracle.com/sca/1.0" xmlns:xs="http://www.w3.org/2001/XMLSchema" xmlns:wsp="http://schemas.xmlsoap.org/ws/2004/09/policy" xmlns:orawsp="http://schemas.oracle.com/ws/2006/01/policy" xmlns:ui="http://xmlns.oracle.com/soa/designer/" xmlns:sca-ext="http://xmlns.oracle.com/sca/1.0-ext">
   <import namespace="urn:ProvideFusionFinancialServices" location="WSDLs/ProvideFusionFinancialServicesWrapper.wsdl" importType="wsdl"/>
   <import namespace="http://xmlns.oracle.com/pcbpel/adapter/db/GOSI_SOA_INT/ProvideFusionFinancialServices/dbFetchBankAccounts" location="WSDLs/dbFetchBankAccounts.wsdl" importType="wsdl"/>
   <import namespace="http://xmlns.oracle.com/pcbpel/adapter/db/GOSI_SOA_INT/ProvideFusionFinancialServices/dbFetchExchangeRate" location="WSDLs/dbFetchExchangeRate.wsdl" importType="wsdl"/>
   <import namespace="http://xmlns.oracle.com/pcbpel/adapter/db/CashManagementApplication/ProvideFusionFinancialServices/dbFetchGCCBankDetails" location="WSDLs/dbFetchGCCBankDetails.wsdl" importType="wsdl"/>
   <service name="ProvideFusionFinancialServices_v1r0" ui:wsdlLocation="WSDLs/ProvideFusionFinancialServicesWrapper.wsdl">
      <interface.wsdl interface="urn:ProvideFusionFinancialServices#wsdl.interface(ProvideFusionFinancialServicesService)"/>
      <binding.ws port="urn:ProvideFusionFinancialServices#wsdl.endpoint(ProvideFusionFinancialServices_v1r0_ep/ProvideFusionFinancialServicesService_pt)">
         <property name="weblogic.wsee.wsat.transaction.flowOption" type="xs:string" many="false">NEVER</property>
      </binding.ws>
   </service>
   <property name="compositeID" type="xs:string" many="false">d4cd9fa5-fed2-46e9-b308-1d9d6183ab33</property>
   <property name="productVersion" type="xs:string" many="false">12.2.1.0.0.151013</property>
   <component name="ProvideFusionFinancialServices" version="2.0">
      <implementation.bpel src="BPEL/ProvideFusionFinancialServices.bpel"/>
      <componentType>
         <service name="ProvideFusionFinancialServices_v1r0" ui:wsdlLocation="WSDLs/ProvideFusionFinancialServicesWrapper.wsdl">
            <interface.wsdl interface="urn:ProvideFusionFinancialServices#wsdl.interface(ProvideFusionFinancialServicesService)"/>
         </service>
         <reference name="dbFetchBankAccounts" ui:wsdlLocation="WSDLs/dbFetchBankAccounts.wsdl">
            <interface.wsdl interface="http://xmlns.oracle.com/pcbpel/adapter/db/GOSI_SOA_INT/ProvideFusionFinancialServices/dbFetchBankAccounts#wsdl.interface(dbFetchBankAccounts_ptt)"/>
         </reference>
         <reference name="dbFetchGCCBankDetails" ui:wsdlLocation="WSDLs/dbFetchGCCBankDetails.wsdl">
            <interface.wsdl interface="http://xmlns.oracle.com/pcbpel/adapter/db/CashManagementApplication/ProvideFusionFinancialServices/dbFetchGCCBankDetails#wsdl.interface(dbFetchGCCBankDetails_ptt)"/>
         </reference>
         <reference name="dbFetchExchangeRate" ui:wsdlLocation="WSDLs/dbFetchExchangeRate.wsdl">
            <interface.wsdl interface="http://xmlns.oracle.com/pcbpel/adapter/db/GOSI_SOA_INT/ProvideFusionFinancialServices/dbFetchExchangeRate#wsdl.interface(dbFetchExchangeRate_ptt)"/>
         </reference>
      </componentType>
   </component>
   <reference name="dbFetchBankAccounts" ui:wsdlLocation="WSDLs/dbFetchBankAccounts.wsdl">
      <interface.wsdl interface="http://xmlns.oracle.com/pcbpel/adapter/db/GOSI_SOA_INT/ProvideFusionFinancialServices/dbFetchBankAccounts#wsdl.interface(dbFetchBankAccounts_ptt)"/>
      <binding.jca config="Adapters/dbFetchBankAccounts_db.jca"/>
      <property name="jca.retry.count" type="xs:int" many="false" override="may">4</property>
      <property name="jca.retry.interval" type="xs:int" many="false" override="may">1</property>
      <property name="jca.retry.backoff" type="xs:int" many="false" override="may">2</property>
      <property name="jca.retry.maxInterval" type="xs:int" many="false" override="may">120</property>
   </reference>
   <reference name="dbFetchExchangeRate" ui:wsdlLocation="WSDLs/dbFetchExchangeRate.wsdl">
      <interface.wsdl interface="http://xmlns.oracle.com/pcbpel/adapter/db/GOSI_SOA_INT/ProvideFusionFinancialServices/dbFetchExchangeRate#wsdl.interface(dbFetchExchangeRate_ptt)"/>
      <binding.jca config="Adapters/dbFetchExchangeRate_db.jca"/>
      <property name="jca.retry.count" type="xs:int" many="false" override="may">4</property>
      <property name="jca.retry.interval" type="xs:int" many="false" override="may">1</property>
      <property name="jca.retry.backoff" type="xs:int" many="false" override="may">2</property>
      <property name="jca.retry.maxInterval" type="xs:int" many="false" override="may">120</property>
   </reference>
   <reference name="dbFetchGCCBankDetails" ui:wsdlLocation="WSDLs/dbFetchGCCBankDetails.wsdl">
      <interface.wsdl interface="http://xmlns.oracle.com/pcbpel/adapter/db/CashManagementApplication/ProvideFusionFinancialServices/dbFetchGCCBankDetails#wsdl.interface(dbFetchGCCBankDetails_ptt)"/>
      <binding.jca config="Adapters/dbFetchGCCBankDetails_db.jca"/>
      <property name="jca.retry.count" type="xs:int" many="false" override="may">4</property>
      <property name="jca.retry.interval" type="xs:int" many="false" override="may">1</property>
      <property name="jca.retry.backoff" type="xs:int" many="false" override="may">2</property>
      <property name="jca.retry.maxInterval" type="xs:int" many="false" override="may">120</property>
   </reference>
   <wire>
      <source.uri>ProvideFusionFinancialServices_v1r0</source.uri>
      <target.uri>ProvideFusionFinancialServices/ProvideFusionFinancialServices_v1r0</target.uri>
   </wire>
   <wire>
      <source.uri>ProvideFusionFinancialServices/dbFetchBankAccounts</source.uri>
      <target.uri>dbFetchBankAccounts</target.uri>
   </wire>
   <wire>
      <source.uri>ProvideFusionFinancialServices/dbFetchGCCBankDetails</source.uri>
      <target.uri>dbFetchGCCBankDetails</target.uri>
   </wire>
   <wire>
      <source.uri>ProvideFusionFinancialServices/dbFetchExchangeRate</source.uri>
      <target.uri>dbFetchExchangeRate</target.uri>
   </wire>
</composite>
